bathroom,cancellation,distance,entertainment,kitchen,length,location,name,price_monthly,price_nightly,price_weekly,rv_details,sleeps,temperature_control,vehicle_type,year
"Shower,Toilet,Bathroom Sink",Standard,"2.6 miles from San Diego, CA","TV,DVD Player,AM/FM Radio,CD Player,iPod Docking Station","Refrigerator,Kitchen Sink,Microwave,Range (Stove),Slide Out",27.0ft,"San Diego, CA","""FRANCES"" 2019 Four Winds 26B","$3,825",$145,"$1,050","Year - 2019,Manufacturer - Thor Motor Coach,Make - Four Winds,Model - 26B,Class - Class C Motor Home,Sleeps - 6,Total Number of Beds - 4,Slides - 1,Fresh water tank - 40.0 gal,Length - 27.0 ft,Height - 11.0 ft",6,"In Dash Air Conditioning,Roof Air Conditioning,Hot & Cold Water Supply",Class C Motor Home,2019
"Shower,Toilet,Bathroom Sink",Standard,"14.2 miles from San Diego, CA","CD Player,TV,DVD Player,AM/FM Radio","Range (Stove),Refrigerator,Kitchen Sink,Microwave,Slide Out",32.0ft,"El Cajon, CA",Thor Chateau 31W,,$215,,"Year - 2018,Manufacturer - Thor Motor Coach,Make - Chateau,Model - 31W,Class - Class C Motor Home,Sleeps - 8,Total Number of Beds - 4,Number of Bunk Beds - 1,Slides - 1,Fresh water tank - 40.0 gal,Length - 32.0 ft,Height - 11.0 ft",8,"Roof Air Conditioning,In Dash Air Conditioning,Hot & Cold Water Supply",Class C Motor Home,2018
"Shower,Toilet,Bathroom Sink",Standard,"14.2 miles from San Diego, CA","CD Player,TV,DVD Player,AM/FM Radio,iPod Docking Station","Range (Stove),Refrigerator,Kitchen Sink,Microwave,Slide Out",28.0ft,"El Cajon, CA",29ft Coachmen Bunkhouse 28BH,,$195,,"Year - 2019,Manufacturer - Coachmen RV,Make - Freelander,Model - 28BH Ford 450,Class - Class C Motor Home,Sleeps - 8,Total Number of Beds - 6,Number of Bunk Beds - 2,Slides - 2,Fresh water tank - 40.0 gal,Length - 28.0 ft,Height - 10.0 ft",8,"Roof Air Conditioning,In Dash Air Conditioning,Hot & Cold Water Supply",Class C Motor Home,2019
"Shower,Bathroom Sink,Toilet",Standard,"11.7 miles from San Diego, CA","TV,DVD Player,AM/FM Radio","Microwave,Range (Stove),Slide Out,Refrigerator,Kitchen Sink",32.0ft,"San Diego, CA",2015 Jayco Greyhawk 31FS,"$5,075",$199,"$1,250","Year - 2015,Manufacturer - Jayco,Make - Greyhawk,Model - 31FS,Class - Class C Motor Home,Sleeps - 8,Number of Bunk Beds - 2,Slides - 2,Length - 32.0 ft,Height - 11.0 ft",8,"Roof Air Conditioning,In Dash Air Conditioning,Hot & Cold Water Supply",Class C Motor Home,2015
"Shower,Toilet,Bathroom Sink",Standard,"8.3 miles from San Diego, CA","TV,DVD Player,AM/FM Radio,CD Player","Refrigerator,Kitchen Sink,Microwave,Range (Stove),Slide Out",19.0ft,"San Diego, CA",Dirks Family Adventure Camping,"$2,805",$110,$693,"Year - 2019,Manufacturer - Coachmen RV,Make - Apex Nano,Model - 193BHS,Class - Travel Trailer,Sleeps - 5,Number of Bunk Beds - 2,Slides - 1,Fresh water tank - 30.0 gal,Length - 19.0 ft,Height - 10.0 ft",5,"Hot & Cold Water Supply,Roof Air Conditioning",Travel Trailer,2019
"Shower,Toilet,Bathroom Sink",Flexible,"18.8 miles from Los Angeles, CA","CD Player,TV,DVD Player,AM/FM Radio","Refrigerator,Microwave,Range (Stove),Kitchen Sink,Slide Out",30.0ft,"Long Beach, CA",2019 Keystone Hideout,"$3,035",$110,$750,"Year - 2019,Manufacturer - Keystone RV,Make - Hideout,Model - 26LHSWE,Class - Travel Trailer,Sleeps - 9,Number of Bunk Beds - 2,Slides - 1,Length - 30.0 ft,Height - 10.0 ft",9,"Roof Air Conditioning,Hot & Cold Water Supply",Travel Trailer,2019
"Shower,Toilet,Bathroom Sink",Standard,"16.1 miles from Los Angeles, CA","TV,DVD Player,AM/FM Radio,CD Player","Refrigerator,Microwave,Kitchen Sink,Range (Stove),Slide Out",32.0ft,"La Puente, CA",2016 WINNEBAGO MINNIE WINNIE,"$7,719",$249,"$1,743","Year - 2016,Manufacturer - Winnebago,Make - Minnie Winnie,Model - 31G,Class - Class C Motor Home,Sleeps - 8,Slides - 1,Length - 32.0 ft,Height - 11.0 ft",8,"In Dash Air Conditioning,Roof Air Conditioning,Hot & Cold Water Supply",Class C Motor Home,2016
"Shower,Toilet,Bathroom Sink",Standard,"6.7 miles from Los Angeles, CA",TV,"Refrigerator,Kitchen Sink,Microwave,Range (Stove),Slide Out",33.0ft,"Los Angeles, CA",Jeter's Mobile Family Hide Out,"$3,188",$125,$788,"Year - 2019,Manufacturer - Jayco,Make - Jay Flight SLX 8,Model - 287BHS,Class - Travel Trailer,Sleeps - 9,Total Number of Beds - 5,Number of Bunk Beds - 2,Slides - 1,Fresh water tank - 42.0 gal,Length - 33.0 ft",9,"Hot & Cold Water Supply,Roof Air Conditioning",Travel Trailer,2019
"Shower,Toilet,Bathroom Sink",Standard,"10.3 miles from Los Angeles, CA","CD Player,iPod Docking Station,TV,AM/FM Radio,DVD Player","Range (Stove),Refrigerator,Kitchen Sink,Microwave",16.0ft,"Temple City, CA",2018 Airstream Bambi Very light and Easy...,,$159,,"Year - 2018,Manufacturer - Airstream RV,Make - Sport,Model - 16RB,Class - Travel Trailer,Sleeps - 4,Total Number of Beds - 2,Fresh water tank - 23.0 gal,Length - 16.0 ft,Height - 9.0 ft",4,"Roof Air Conditioning,Hot & Cold Water Supply",Travel Trailer,2018
"Shower,Toilet,Bathroom Sink",Standard,"35.6 miles from Los Angeles, CA","TV,DVD Player,AM/FM Radio,CD Player","Refrigerator,Kitchen Sink,Microwave,Range (Stove),Slide Out",30.0ft,"Rancho Cucamonga, CA",2019 Forest River EVO T2550,"$2,550",$100,$630,"Year - 2019,Manufacturer - Forest River RV,Make - EVO,Model - T2550,Class - Travel Trailer,Sleeps - 9,Total Number of Beds - 4,Slides - 1,Fresh water tank - 56.0 gal,Length - 30.0 ft,Height - 11.0 ft",9,"Roof Air Conditioning,Hot & Cold Water Supply",Travel Trailer,2019
"Shower,Toilet,Bathroom Sink",Standard,"13.2 miles from Denver, CO","TV,DVD Player,AM/FM Radio","Refrigerator,Kitchen Sink,Microwave,Range (Stove),Slide Out",32.0ft,"Henderson, CO",2018 Jayco 285rlsw,"$2,600",$115,$700,"Year - 2018,Manufacturer - Jayco,Make - Jay Flight,Model - 28RLS,Class - Travel Trailer,Sleeps - 4,Total Number of Beds - 1,Slides - 1,Length - 32.0 ft,Height - 11.0 ft",4,"Roof Air Conditioning,Hot & Cold Water Supply",Travel Trailer,2018
"Toilet,Shower,Bathroom Sink",Standard,"11.7 miles from Denver, CO","CD Player,AM/FM Radio,DVD Player,TV","Range (Stove),Refrigerator,Kitchen Sink,Microwave,Slide Out",31.33ft,"Morrison, CO","Mighty Terrapin, Great Value in Denver! ...","$4,750",$195,"$1,200","Year - 2008,Manufacturer - Fleetwood RV,Make - Jamboree Sport,Model - 31W,Class - Class C Motor Home,Sleeps - 6,Total Number of Beds - 4,Number of Bunk Beds - 2,Slides - 1,Fresh water tank - 35.0 gal,Length - 31.3 ft,Height - 11.6 ft",6,"Roof Air Conditioning,In Dash Air Conditioning,Hot & Cold Water Supply",Class C Motor Home,2008
,Standard,"3.0 miles from Denver, CO",,Range (Stove),12.0ft,"Denver, CO",Large 'Teardrop' Style Camper Trailer,"$1,995",$85,$495,"Year - 2017,Manufacturer - Custom,Make - Boondock,Model - Teardrop,Class - Travel Trailer,Sleeps - 2,Total Number of Beds - 1,Length - 12.0 ft,Height - 7.5 ft",2,,Travel Trailer,2017
Shower,Standard,"7.5 miles from Denver, CO","TV,AM/FM Radio","Microwave,Range (Stove),Refrigerator,Kitchen Sink",12.0ft,"Arvada, CO","""Sunny"" 2018 Sunset Park RV Sunray 109","$2,270",$89,$561,"Year - 2018,Manufacturer - Sunset Park RV,Make - Sunray,Model - 109,Class - Travel Trailer,Sleeps - 2,Total Number of Beds - 1,Length - 12.0 ft",2,"Roof Air Conditioning,Hot & Cold Water Supply",Travel Trailer,2018
"Shower,Bathroom Sink,Toilet",Flexible,"5.8 miles from Denver, CO","iPod Docking Station,AM/FM Radio","Microwave,Range (Stove),Refrigerator,Kitchen Sink",22.0ft,"Arvada, CO",Easy to tow 2020 Keystone 1800BH,"$2,000",$80,$560,"Year - 2020,Manufacturer - Keystone RV,Make - Springdale Mini,Model - 1800BH,Class - Travel Trailer,Sleeps - 6,Total Number of Beds - 1,Number of Bunk Beds - 2,Fresh water tank - 30.0 gal,Length - 22.0 ft",6,"Roof Air Conditioning,Hot & Cold Water Supply",Travel Trailer,2020
"Shower,Toilet,Bathroom Sink",Standard,"3.1 miles from Las Vegas, NV","TV,DVD Player,AM/FM Radio,CD Player","Refrigerator,Microwave,Kitchen Sink,Range (Stove),Slide Out",31.0ft,"Las Vegas, NV",COZY/LUXURIOUS SOUTHWEST ADVENTURE DREAM...,"$8,999",$419,"$2,799","Year - 2016,Manufacturer - Coachmen,Make - Miranda 31F,Model - Coachman,Class - Class A Motor Home,Sleeps - 8,Total Number of Beds - 3,Number of Bunk Beds - 4,Slides - 2,Fresh water tank - 100.0 gal,Length - 31.0 ft,Height - 29.0 ft",8,"In Dash Air Conditioning,Roof Air Conditioning,Hot & Cold Water Supply",Class A Motor Home,2016
"Shower,Toilet,Bathroom Sink",Standard,"21.0 miles from Seattle, WA","CD Player,iPod Docking Station,TV,DVD Player,AM/FM Radio","Range (Stove),Refrigerator,Kitchen Sink,Microwave,Slide Out",24.0ft,"Port Orchard, WA",2018 Class C Motorhome,"$4,000",$200,"$1,200","Year - 2018,Manufacturer - Forest River RV,Make - Forester,Model - 2291S Ford,Class - Class C Motor Home,Sleeps - 6,Total Number of Beds - 3,Slides - 1,Length - 24.0 ft,Height - 11.0 ft",6,"Roof Air Conditioning,In Dash Air Conditioning,Hot & Cold Water Supply",Class C Motor Home,2018
"Shower,Toilet,Bathroom Sink",Standard,"33.2 miles from Seattle, WA","CD Player,iPod Docking Station,TV,DVD Player,AM/FM Radio","Range (Stove),Refrigerator,Kitchen Sink,Microwave,Slide Out",24.0ft,"Tacoma, WA",Beautiful Class C V6 Diesel - Easy & Fun...,"$5,200",$200,"$1,250","Year - 2013,Manufacturer - Forest River RV,Make - Solera,Model - 24S,Class - Class C Motor Home,Sleeps - 6,Total Number of Beds - 3,Slides - 1,Fresh water tank - 35.0 gal,Length - 24.0 ft,Height - 11.0 ft",6,"Roof Air Conditioning,In Dash Air Conditioning,Hot & Cold Water Supply",Class C Motor Home,2013
"Shower,Toilet,Bathroom Sink",Standard,"19.1 miles from Seattle, WA","TV,AM/FM Radio","Refrigerator,Kitchen Sink,Microwave,Range (Stove)",26ft,"Auburn, WA",2019 springdale 26,"$3,290",$129,$813,"Year - 2019,Manufacturer - springdale,Make - 26,Class - Travel Trailer,Sleeps - 8,Length - 26.0 ft",8,"Roof Air Conditioning,Hot & Cold Water Supply",Travel Trailer,2019
"Shower,Toilet,Bathroom Sink",Standard,"11.6 miles from Seattle, WA","DVD Player,AM/FM Radio,CD Player,iPod Docking Station","Refrigerator,Kitchen Sink,Microwave",28.0ft,"Kitsap County, WA",2005 Thor Fourwinds,"$4,400",$175,"$1,100","Year - 2005,Manufacturer - Thor Motor Coach,Make - Four Winds,Model - 31E Bunkhouse,Class - Class C Motor Home,Sleeps - 8,Total Number of Beds - 4,Fresh water tank - 40.0 gal,Length - 28.0 ft",8,"In Dash Air Conditioning,Roof Air Conditioning,Hot & Cold Water Supply",Class C Motor Home,2005
"Shower,Toilet,Bathroom Sink",Strict,"21.9 miles from Seattle, WA","CD Player,TV,DVD Player,AM/FM Radio","Range (Stove),Refrigerator,Kitchen Sink,Microwave,Slide Out",31.0ft,"Maple Valley, WA",Welcome to your next awesome ADVENTURE !,"$1,850",$175,$750,"Year - 2016,Manufacturer - Dutchmen RV,Make - Kodiak Express,Model - 264RLSL,Class - Travel Trailer,Sleeps - 5,Total Number of Beds - 1,Number of Bunk Beds - 1,Slides - 1,Length - 31.0 ft,Height - 10.0 ft",5,"Roof Air Conditioning,Hot & Cold Water Supply,In Dash Air Conditioning",Travel Trailer,2016
"Shower,Toilet,Bathroom Sink",Standard,"11.9 miles from Las Vegas, NV","TV,DVD Player,AM/FM Radio,CD Player","Refrigerator,Microwave,Kitchen Sink,Range (Stove)",23.0ft,"Las Vegas, NV",OUT OF STATE - THIS ONE IS FOR YOU!,,$183,,"Year - 2017,Manufacturer - Winnebago,Make - Minnie Winnie,Model - 22R,Class - Class C Motor Home,Sleeps - 6,Total Number of Beds - 3,Length - 23.0 ft,Height - 11.0 ft",6,"In Dash Air Conditioning,Hot & Cold Water Supply,Roof Air Conditioning",Class C Motor Home,2017
"Shower,Toilet,Bathroom Sink",Standard,"7.8 miles from Las Vegas, NV","TV,DVD Player,AM/FM Radio,CD Player","Refrigerator,Kitchen Sink,Microwave,Range (Stove)",29.0ft,"Las Vegas, NV",2016 Dutchmen RV Coleman Lantern Series ...,"$3,188",$125,$788,"Year - 2016,Manufacturer - Dutchmen RV,Make - Coleman Lantern Series,Model - 250TQ,Class - Toy Hauler,Sleeps - 6,Total Number of Beds - 4,Number of Bunk Beds - 1,Fresh water tank - 25.0 gal,Length - 29.0 ft,Height - 137.0 ft",6,"Roof Air Conditioning,Hot & Cold Water Supply",Toy Hauler,2016
"Shower,Toilet,Bathroom Sink",Flexible,"9.9 miles from Las Vegas, NV","TV,DVD Player,AM/FM Radio,CD Player,iPod Docking Station","Refrigerator,Kitchen Sink,Microwave,Range (Stove)",23.0ft,"Henderson, NV","""dōAira"" Airstream ""Gift of the Wind"" 20...","$4,770",$179,"$1,183","Year - 2019,Manufacturer - Airstream RV,Make - Flying Cloud,Model - 23CB Bunk,Class - Travel Trailer,Sleeps - 7,Total Number of Beds - 1,Length - 23.0 ft,Height - 9.0 ft",7,"In Dash Air Conditioning,Roof Air Conditioning,Hot & Cold Water Supply",Travel Trailer,2019
"Shower,Toilet,Bathroom Sink",Standard,"3.7 miles from Las Vegas, NV",AM/FM Radio,"Refrigerator,Kitchen Sink,Microwave,Range (Stove)",30.0ft,"Las Vegas, NV",Incl: Escape Room Game Tickets!,"$3,990",$174,"$1,149","Year - 2014,Manufacturer - Thor Motor Coach,Make - Four Winds,Model - 28A,Class - Class C Motor Home,Sleeps - 8,Length - 30.0 ft,Height - 130.0 ft",8,"In Dash Air Conditioning,Roof Air Conditioning,Hot & Cold Water Supply",Class C Motor Home,2014
"Shower,Bathroom Sink,Toilet",Standard,"10.0 miles from Denver, CO","CD Player,TV,AM/FM Radio","Microwave,Range (Stove),Refrigerator,Kitchen Sink",25.0ft,"Westminster, CO",Happy Camper,"$3,200",$120,$825,"Year - 2017,Manufacturer - Keystone RV,Make - Passport,Model - 239ML Express,Class - Travel Trailer,Sleeps - 7,Total Number of Beds - 4,Number of Bunk Beds - 2,Length - 25.0 ft,Height - 10.0 ft",7,"Roof Air Conditioning,Hot & Cold Water Supply",Travel Trailer,2017
"Shower,Bathroom Sink,Toilet",Flexible,"13.6 miles from Denver, CO","CD Player,TV,DVD Player,AM/FM Radio","Microwave,Range (Stove),Slide Out,Refrigerator,Kitchen Sink",31.0ft,"Littleton, CO",Low Price Luxury Class C 2019 Entegra Es...,"$4,150",$224,"$1,290","Year - 2019,Manufacturer - Entegra Coach,Make - Esteem,Model - 30X,Class - Class C Motor Home,Sleeps - 7,Total Number of Beds - 4,Number of Bunk Beds - 1,Slides - 1,Fresh water tank - 55.0 gal,Length - 31.0 ft,Height - 12.0 ft",7,"Roof Air Conditioning,In Dash Air Conditioning,Hot & Cold Water Supply",Class C Motor Home,2019
"Shower,Toilet,Bathroom Sink",Standard,"13.0 miles from Denver, CO","TV,DVD Player,AM/FM Radio,CD Player,iPod Docking Station","Refrigerator,Kitchen Sink,Microwave,Range (Stove),Slide Out",32.0ft,"Thornton, CO",2019 Entegra Coach Odyssey 29V - New Lux...,"$5,800",$275,"$1,750","Year - 2019,Manufacturer - Entegra Coach,Make - Odyssey,Model - 29V,Class - Class C Motor Home,Sleeps - 7,Total Number of Beds - 4,Slides - 2,Fresh water tank - 50.0 gal,Length - 32.0 ft,Height - 11.0 ft",7,"In Dash Air Conditioning,Roof Air Conditioning,Hot & Cold Water Supply",Class C Motor Home,2019
"Shower,Toilet,Bathroom Sink",Flexible,"6.7 miles from Denver, CO","TV,DVD Player,AM/FM Radio,CD Player","Refrigerator,Kitchen Sink,Microwave,Range (Stove)",22.0ft,"Lakewood, CO",2019 Ford Thor Class C RV Freedom Elite ...,"$5,600",$225,"$1,450","Year - 2019,Manufacturer - Thor Motor Coach,Make - Freedom Traveler,Model - E350,Class - Class C Motor Home,Sleeps - 6,Total Number of Beds - 1,Number of Bunk Beds - 1,Fresh water tank - 40.0 gal,Length - 22.0 ft,Height - 13.0 ft",6,"In Dash Air Conditioning,Roof Air Conditioning,Hot & Cold Water Supply",Class C Motor Home,2019
"Shower,Toilet",Standard,"14.8 miles from Denver, CO","AM/FM Radio,CD Player","Refrigerator,Kitchen Sink,Microwave,Range (Stove)",23.0ft,"Englewood, CO",Perfect for Couples and Young Families!,"$2,500",$110,$680,"Year - 2017,Manufacturer - Starcraft,Make - AR-ONE,Model - 19RT,Class - Toy Hauler,Sleeps - 4,Total Number of Beds - 2,Slides - 1,Fresh water tank - 26.0 gal,Length - 23.0 ft,Height - 10.0 ft",4,Hot & Cold Water Supply,Toy Hauler,2017
"Shower,Toilet",Standard,"11.8 miles from Denver, CO","CD Player,iPod Docking Station,TV,AM/FM Radio","Microwave,Range (Stove),Refrigerator,Kitchen Sink",16.0ft,"Aurora, CO",2020 Grey Wolf Cheorkee BHS,"$3,035",$100,$665,"Year - 2020,Manufacturer - Forest River RV,Make - Cherokee Wolf Pup,Model - 16BHS,Class - Travel Trailer,Sleeps - 5,Total Number of Beds - 4,Number of Bunk Beds - 1,Length - 16.0 ft",5,"Roof Air Conditioning,In Dash Air Conditioning,Hot & Cold Water Supply",Travel Trailer,2020
,Standard,"19.4 miles from Denver, CO",,"Range (Stove),Kitchen Sink",11.0ft,"Evergreen, CO",2007 Coleman Pop-up,"$1,700",$75,$450,"Year - 2007,Manufacturer - Coleman,Make - The Americana LE Series,Model - Santa Fe,Class - Pop-up Camper,Sleeps - 6,Total Number of Beds - 2,Slides - 2,Fresh water tank - 10.0 gal,Length - 11.0 ft,Height - 8.0 ft",6,,Pop-up Camper,2007
"Shower,Bathroom Sink,Toilet",Standard,"5.7 miles from Denver, CO","CD Player,AM/FM Radio","Microwave,Range (Stove),Slide Out,Refrigerator,Kitchen Sink",31.0ft,"Lakewood, CO","Small-dog and family friendly, Denver me...","$3,250",$150,$900,"Year - 2019,Manufacturer - KZ,Make - Connect SE,Model - C261BHKSE,Class - Travel Trailer,Sleeps - 8,Total Number of Beds - 5,Number of Bunk Beds - 2,Slides - 1,Fresh water tank - 40.0 gal,Length - 31.0 ft,Height - 12.0 ft",8,"Roof Air Conditioning,Hot & Cold Water Supply",Travel Trailer,2019
"Shower,Toilet,Bathroom Sink",Standard,"17.8 miles from Denver, CO","TV,DVD Player,AM/FM Radio,CD Player,iPod Docking Station","Refrigerator,Kitchen Sink,Microwave,Range (Stove),Slide Out",24.0ft,"Thornton, CO",Get out of town! 2020 Grand Design Imagi...,"$4,000",$149,$975,"Year - 2020,Manufacturer - Grand Design,Make - Imagine,Model - 2400BH,Class - Travel Trailer,Sleeps - 5,Total Number of Beds - 4,Number of Bunk Beds - 2,Slides - 1,Fresh water tank - 52.0 gal,Length - 24.0 ft,Height - 11.0 ft",5,"Roof Air Conditioning,Hot & Cold Water Supply",Travel Trailer,2020
"Shower,Toilet,Bathroom Sink",Standard,"7.2 miles from Denver, CO","TV,DVD Player,AM/FM Radio,CD Player","Refrigerator,Kitchen Sink,Microwave,Range (Stove),Slide Out",29.0ft,"Lakewood, CO",2021 Keystone Outback 244UBH,"$3,953",$150,$977,"Year - 2021,Manufacturer - Keystone,Make - Outback,Model - 244UBH,Class - Travel Trailer,Sleeps - 5,Total Number of Beds - 3,Number of Bunk Beds - 2,Slides - 1,Fresh water tank - 60.0 gal,Length - 29.0 ft,Height - 11.0 ft",5,"Hot & Cold Water Supply,Roof Air Conditioning",Travel Trailer,2021
"Shower,Toilet,Bathroom Sink",Standard,"11.4 miles from Denver, CO","TV,AM/FM Radio","Refrigerator,Kitchen Sink,Microwave,Range (Stove),Slide Out",33.5ft,"Englewood, CO","2020 ""Fun Meter @ 10"" #066","$12,800",$460,"$3,220","Year - 2020,Manufacturer - Thor Motor Coach,Make - ACE,Model - 32.1,Class - Class A Motor Home,Sleeps - 8,Total Number of Beds - 6,Number of Bunk Beds - 3,Slides - 1,Fresh water tank - 80.0 gal,Length - 33.5 ft,Height - 13.0 ft",8,"In Dash Air Conditioning,Roof Air Conditioning,Hot & Cold Water Supply",Class A Motor Home,2020
"Shower,Toilet,Bathroom Sink",Strict,"14.1 miles from Denver, CO","TV,DVD Player,AM/FM Radio","Refrigerator,Kitchen Sink,Microwave,Range (Stove),Slide Out",40.0ft,"Thornton, CO",Wow!! $295/night during Peak Season! 201...,"$7,523",$295,"$1,859","Year - 2018,Manufacturer - Thor Motor Coach,Make - Palazzo,Model - 37.4,Class - Class A Motor Home,Sleeps - 8,Total Number of Beds - 4,Number of Bunk Beds - 1,Slides - 3,Fresh water tank - 50.0 gal,Length - 40.0 ft,Height - 12.0 ft",8,"In Dash Air Conditioning,Roof Air Conditioning,Hot & Cold Water Supply",Class A Motor Home,2018
"Shower,Bathroom Sink,Toilet",Standard,"19.6 miles from Denver, CO","CD Player,TV,DVD Player,AM/FM Radio","Microwave,Range (Stove),Slide Out,Refrigerator,Kitchen Sink",31.83ft,"Erie, CO",2015 Keystone RV Passport 2810BH Grand T...,"$2,880",$120,$756,"Year - 2015,Manufacturer - Keystone RV,Make - Passport,Model - 2810BH Grand Touring,Class - Travel Trailer,Sleeps - 10,Total Number of Beds - 3,Number of Bunk Beds - 2,Slides - 1,Fresh water tank - 43.0 gal,Length - 31.8 ft,Height - 10.7 ft",10,"Roof Air Conditioning,Hot & Cold Water Supply",Travel Trailer,2015
"Toilet,Shower",Flexible,"4.9 miles from Denver, CO",AM/FM Radio,"Slide Out,Range (Stove),Microwave,Kitchen Sink,Refrigerator",19.0ft,"Denver, CO",2007 Fleetwood Sequoia,"$2,160",$90,$535,"Year - 2007,Manufacturer - Fleetwood RV,Make - Fleetwood,Model - Cheyenne,Class - Pop-up Camper,Sleeps - 6,Total Number of Beds - 2,Fresh water tank - 20.0 gal,Length - 19.0 ft,Height - 5.5 ft",6,Hot & Cold Water Supply,Pop-up Camper,2007
"Shower,Toilet,Bathroom Sink",Standard,"11.4 miles from Denver, CO","CD Player,iPod Docking Station,TV,DVD Player,AM/FM Radio","Refrigerator,Microwave,Range (Stove),Kitchen Sink,Slide Out",29.0ft,"Englewood, CO",The Sasquatch #544,"$8,000",$350,"$2,400","Year - 2017,Manufacturer - Thor Motor Coach,Make - ACE,Model - 29.2,Class - Class A Motor Home,Sleeps - 6,Total Number of Beds - 4,Number of Bunk Beds - 1,Slides - 1,Fresh water tank - 80.0 gal,Length - 29.0 ft,Height - 12.6 ft",6,"Roof Air Conditioning,In Dash Air Conditioning,Hot & Cold Water Supply",Class A Motor Home,2017
"Shower,Bathroom Sink,Toilet",Standard,"10.8 miles from Denver, CO","TV,AM/FM Radio","Range (Stove),Refrigerator,Kitchen Sink",25.0ft,"Littleton, CO",2007 Airstream RV Safari 25' Front Bed 7...,"$4,820",$189,"$1,191","Year - 2007,Manufacturer - Airstream RV,Make - Safari,Model - 25' Front Bed 75th Anniversary Edition,Class - Travel Trailer,Sleeps - 6,Total Number of Beds - 3,Fresh water tank - 35.0 gal,Length - 25.0 ft,Height - 10.0 ft",6,"Roof Air Conditioning,Hot & Cold Water Supply",Travel Trailer,2007
"Shower,Bathroom Sink,Toilet",Strict,"14.9 miles from Denver, CO","CD Player,AM/FM Radio","Microwave,Range (Stove),Slide Out,Refrigerator,Kitchen Sink",26.0ft,"Arvada, CO",Heartland North Trail,,$150,,"Year - 2018,Manufacturer - Heartland,Make - North Trail,Model - 21FBS,Class - Travel Trailer,Sleeps - 4,Total Number of Beds - 2,Slides - 1,Length - 26.0 ft",4,"Roof Air Conditioning,Hot & Cold Water Supply",Travel Trailer,2018
"Shower,Toilet",Strict,"4.0 miles from Denver, CO","TV,DVD Player,AM/FM Radio","Refrigerator,Microwave,Range (Stove),Kitchen Sink",14.0ft,"Denver, CO",2019 Forest River E-Pro 14fk (Lightweigh...,"$3,199",$179,"$1,059","Year - 2019,Manufacturer - Forest River RV,Make - Flagstaff E-Pro,Model - 14FK,Class - Travel Trailer,Sleeps - 2,Total Number of Beds - 1,Fresh water tank - 26.0 gal,Length - 14.0 ft,Height - 9.0 ft",2,"Roof Air Conditioning,Hot & Cold Water Supply,In Dash Air Conditioning",Travel Trailer,2019
"Bathroom Sink,Shower,Toilet",Standard,"12.1 miles from Denver, CO","AM/FM Radio,CD Player,DVD Player,TV","Kitchen Sink,Microwave,Range (Stove),Refrigerator,Slide Out",21.0ft,"Littleton, CO",PERFECT SIZE FOR A FAMILY OF 4,"$4,000",$160,"$1,000","Year - 2020,Manufacturer - Winnebago,Make - Micro Minnie 2100BH,Model - 2100BH,Class - Travel Trailer,Sleeps - 4,Total Number of Beds - 3,Number of Bunk Beds - 2,Slides - 1,Fresh water tank - 31.0 gal,Length - 21.0 ft",4,"Hot & Cold Water Supply,Roof Air Conditioning",Travel Trailer,2020
"Shower,Toilet,Bathroom Sink",Standard,"3.2 miles from Denver, CO","TV,AM/FM Radio,CD Player,iPod Docking Station,DVD Player","Refrigerator,Kitchen Sink,Microwave,Range (Stove),Slide Out",28.42ft,"Denver, CO",2020 Keystone Hideout,"$3,500",$150,$900,"Year - 2020,Manufacturer - Keystone RV,Make - Hideout,Model - 242LHS,Class - Travel Trailer,Sleeps - 8,Total Number of Beds - 4,Number of Bunk Beds - 2,Slides - 1,Fresh water tank - 43.0 gal,Length - 28.4 ft,Height - 11.1 ft",8,"Roof Air Conditioning,Hot & Cold Water Supply",Travel Trailer,2020
"Shower,Toilet,Bathroom Sink",Standard,"14.7 miles from Los Angeles, CA","TV,DVD Player,AM/FM Radio,CD Player","Refrigerator,Kitchen Sink,Microwave,Range (Stove),Slide Out",22.0ft,"Long Beach, CA",2017 Thor Chateau 22B C class Sleeps 5,"$5,600",$200,"$1,350","Year - 2017,Manufacturer - Thor Motor Coach,Make - Chateau,Model - 22B,Class - Class C Motor Home,Sleeps - 5,Total Number of Beds - 3,Slides - 1,Fresh water tank - 40.0 gal,Length - 22.0 ft,Height - 10.0 ft",5,"In Dash Air Conditioning,Roof Air Conditioning,Hot & Cold Water Supply",Class C Motor Home,2017
"Shower,Bathroom Sink,Toilet",Standard,"14.2 miles from Los Angeles, CA","TV,DVD Player,AM/FM Radio","Microwave,Range (Stove),Slide Out,Refrigerator,Kitchen Sink",24.0ft,"Monrovia, CA",2017 Thor Quantum GR22,"$5,500",$215,"$1,295","Year - 2017,Manufacturer - Thor,Make - Quantum,Model - GR22,Class - Class C Motor Home,Sleeps - 5,Total Number of Beds - 3,Slides - 1,Length - 24.0 ft,Height - 10.8 ft",5,"Roof Air Conditioning,In Dash Air Conditioning,Hot & Cold Water Supply",Class C Motor Home,2017
"Shower,Toilet,Bathroom Sink",Standard,"15.0 miles from Los Angeles, CA","CD Player,TV,DVD Player,AM/FM Radio","Range (Stove),Refrigerator,Kitchen Sink,Microwave,Slide Out",29.0ft,"Carson, CA",Tun's family,"$2,500",$135,$780,"Year - 2018,Manufacturer - Keystone RV,Make - Passport,Model - 2920BH Grand Touring,Class - Travel Trailer,Sleeps - 8,Number of Bunk Beds - 4,Slides - 1,Length - 29.0 ft,Height - 10.0 ft",8,"Roof Air Conditioning,Hot & Cold Water Supply",Travel Trailer,2018
"Shower,Toilet,Bathroom Sink",Flexible,"10.3 miles from Los Angeles, CA","TV,AM/FM Radio","Range (Stove),Refrigerator,Kitchen Sink,Microwave,Slide Out",22.0ft,"Pico Rivera, CA",Lightweight Single Axle travel trailer -...,"$2,900",$129,$903,"Year - 2016,Manufacturer - KZ,Make - Spree Escape,Model - E196S,Class - Travel Trailer,Sleeps - 6,Total Number of Beds - 5,Slides - 1,Length - 22.0 ft,Height - 9.0 ft",6,"Roof Air Conditioning,Hot & Cold Water Supply",Travel Trailer,2016
"Shower,Toilet,Bathroom Sink",Standard,"9.5 miles from Los Angeles, CA","TV,AM/FM Radio","Refrigerator,Kitchen Sink,Microwave,Range (Stove)",27.0ft,"Pasadena, CA",2019 Winnebago Outlook 25J,"$5,100",$200,"$1,260","Year - 2019,Manufacturer - Winnebago,Make - Outlook,Model - 25J,Class - Class C Motor Home,Sleeps - 7,Total Number of Beds - 4,Number of Bunk Beds - 1,Fresh water tank - 40.0 gal,Length - 27.0 ft,Height - 11.0 ft",7,"In Dash Air Conditioning,Roof Air Conditioning,Hot & Cold Water Supply",Class C Motor Home,2019
"Shower,Bathroom Sink,Toilet",Standard,"11.4 miles from Los Angeles, CA","iPod Docking Station,TV,DVD Player,AM/FM Radio","Microwave,Range (Stove),Slide Out,Refrigerator,Kitchen Sink",31.0ft,"Los Angeles, CA",Mayito's Dream!,"$5,500",$225,"$1,400","Year - 2018,Manufacturer - Thor Motor Coach,Make - ACE,Model - 30.3,Class - Class A Motor Home,Sleeps - 6,Total Number of Beds - 4,Number of Bunk Beds - 1,Slides - 2,Length - 31.0 ft,Height - 12.0 ft",6,"Roof Air Conditioning,In Dash Air Conditioning,Hot & Cold Water Supply",Class A Motor Home,2018
"Shower,Toilet,Bathroom Sink",Standard,"10.3 miles from Los Angeles, CA","CD Player,iPod Docking Station,TV,DVD Player,AM/FM Radio","Range (Stove),Refrigerator,Kitchen Sink,Microwave",19.0ft,"Temple City, CA",2018 Simplicity Van Easy to drive! Park ...,,$206,,"Year - 2018,Manufacturer - EHGNA,Make - Roadtrek,Model - Simplicity,Class - Class B Camping Van,Sleeps - 3,Total Number of Beds - 2,Fresh water tank - 37.0 gal,Length - 19.0 ft,Height - 9.0 ft",3,"Roof Air Conditioning,In Dash Air Conditioning,Hot & Cold Water Supply",Class B Camping Van,2018
"Shower,Toilet,Bathroom Sink",Strict,"11.5 miles from Los Angeles, CA","CD Player,AM/FM Radio,DVD Player,iPod Docking Station","Refrigerator,Kitchen Sink,Microwave,Slide Out",19.5ft,"Pasadena, CA",2019 Midwest Automotive Designs Daycruis...,"$8,925",$350,"$2,205","Year - 2019,Manufacturer - Midwest Automotive Designs,Make - Daycruiser 144,Model - Plan B,Class - Class B Camping Van,Sleeps - 2,Total Number of Beds - 1,Fresh water tank - 10.0 gal,Length - 19.5 ft,Height - 11.0 ft",2,"In Dash Air Conditioning,Roof Air Conditioning,Hot & Cold Water Supply",Class B Camping Van,2019
"Shower,Bathroom Sink,Toilet",Standard,"14.6 miles from Los Angeles, CA","CD Player,TV,DVD Player,AM/FM Radio","Microwave,Range (Stove),Slide Out,Refrigerator,Kitchen Sink",26.0ft,"La Puente, CA",Easily Towable SoCal Travel Trailer,"$2,500",$125,$750,"Year - 2018,Manufacturer - Forest River RV,Make - Sonoma,Model - 267BHS,Class - Travel Trailer,Sleeps - 8,Total Number of Beds - 5,Number of Bunk Beds - 2,Slides - 1,Fresh water tank - 40.0 gal,Length - 26.0 ft",8,"Roof Air Conditioning,Hot & Cold Water Supply",Travel Trailer,2018
"Toilet,Shower,Bathroom Sink",Strict,"40.1 miles from Los Angeles, CA","CD Player,TV,iPod Docking Station,DVD Player,AM/FM Radio","Range (Stove),Refrigerator,Kitchen Sink,Microwave,Slide Out",39.0ft,"Norco, CA",Wow! Look at this thing! Watch heads tur...,"$5,550",$185,"$1,295","Year - 2017,Manufacturer - Newmar,Make - Canyon Star,Model - 3953,Class - Class A Motor Home,Sleeps - 5,Total Number of Beds - 2,Slides - 4,Fresh water tank - 60.0 gal,Length - 39.0 ft,Height - 12.0 ft",5,"Roof Air Conditioning,In Dash Air Conditioning,Hot & Cold Water Supply",Class A Motor Home,2017
"Shower,Bathroom Sink,Toilet",Standard,"17.5 miles from Los Angeles, CA","TV,CD Player,AM/FM Radio,DVD Player,iPod Docking Station","Refrigerator,Kitchen Sink,Microwave,Range (Stove)",23.0ft,"Long Beach, CA",2013 Forest River-California Sandstorm,"$1,200",$110,$500,"Year - 2013,Manufacturer - Forest River RV,Make - Sandstorm SLC,Model - 203 SLC,Class - Toy Hauler,Sleeps - 6,Length - 23.0 ft",6,"Roof Air Conditioning,Hot & Cold Water Supply",Toy Hauler,2013
Shower,Strict,"11.6 miles from Los Angeles, CA","AM/FM Radio,CD Player","Refrigerator,Kitchen Sink",17.0ft,"Glendale, CA",2018 Ram Promaster,,$199,,"Year - 2018,Manufacturer - RAM,Make - PROMASTER,Model - 1500,Class - Class B Camping Van,Sleeps - 2,Fresh water tank - 28.0 gal,Length - 17.0 ft,Height - 9.5 ft",2,In Dash Air Conditioning,Class B Camping Van,2018
"Shower,Toilet,Bathroom Sink",Standard,"20.8 miles from Los Angeles, CA","CD Player,iPod Docking Station,TV,DVD Player,AM/FM Radio","Refrigerator,Microwave,Range (Stove),Kitchen Sink,Slide Out",24.0ft,"Anaheim, CA",Luxury Sprinter/16MPG/4GWiFi/Solar/Inver...,"$4,565",$179,"$1,128","Year - 2019,Manufacturer - Thor Motor Coach,Make - Citation Sprinter,Model - 24SJ,Class - Class C Motor Home,Sleeps - 6,Total Number of Beds - 3,Number of Bunk Beds - 1,Slides - 1,Fresh water tank - 40.0 gal,Length - 24.0 ft,Height - 10.0 ft",6,"Roof Air Conditioning,In Dash Air Conditioning,Hot & Cold Water Supply",Class C Motor Home,2019
"Shower,Toilet,Bathroom Sink",Standard,"18.2 miles from Los Angeles, CA","CD Player,iPod Docking Station,TV,DVD Player,AM/FM Radio","Refrigerator,Microwave,Range (Stove),Kitchen Sink,Slide Out",24ft,"Van Nuys, CA",Home away from Home,"$3,900",$145,$950,"Year - 2006,Manufacturer - Chateau,Make - Chateau,Class - Class C Motor Home,Sleeps - 5,Fresh water tank - 60.0 gal,Length - 24.0 ft",5,"Roof Air Conditioning,In Dash Air Conditioning,Hot & Cold Water Supply",Class C Motor Home,2006
"Shower,Toilet,Bathroom Sink",Standard,"19.8 miles from Los Angeles, CA","TV,DVD Player,AM/FM Radio,CD Player","Refrigerator,Kitchen Sink,Microwave,Range (Stove)",23.0ft,"San Fernando, CA",2013 Thor Motor Coach Chateau,"$2,525",$85,$624,"Year - 2013,Manufacturer - Thor Motor Coach,Make - Chateau,Model - 22E,Class - Class C Motor Home,Sleeps - 6,Total Number of Beds - 3,Length - 23.0 ft,Height - 10.0 ft",6,"Roof Air Conditioning,Hot & Cold Water Supply",Class C Motor Home,2013
"Shower,Bathroom Sink,Toilet",Standard,"4.5 miles from Los Angeles, CA","CD Player,iPod Docking Station,TV,DVD Player","Microwave,Range (Stove),Slide Out,Refrigerator,Kitchen Sink",19.0ft,"Los Angeles, CA",Great Times with my RV!,,$165,$945,"Year - 2017,Manufacturer - Airstream RV,Make - International Serenity,Model - 19,Class - Travel Trailer,Sleeps - 3,Number of Bunk Beds - 2,Length - 19.0 ft,Height - 9.0 ft",3,"Roof Air Conditioning,Hot & Cold Water Supply",Travel Trailer,2017
"Shower,Toilet",Flexible,"10.1 miles from Los Angeles, CA","TV,DVD Player,AM/FM Radio,CD Player","Refrigerator,Kitchen Sink,Range (Stove),Microwave,Slide Out",21.1ft,"Pico Rivera, CA",2020 Forest River Rockwood Geopro,"$3,225",$119,$695,"Year - 2020,Manufacturer - Forest River RV,Make - Rockwood Geo Pro,Model - 20bhs,Class - Travel Trailer,Sleeps - 5,Total Number of Beds - 3,Number of Bunk Beds - 2,Slides - 1,Fresh water tank - 37.0 gal,Length - 21.1 ft,Height - 9.1 ft",5,"Roof Air Conditioning,Hot & Cold Water Supply",Travel Trailer,2020
"Shower,Toilet,Bathroom Sink",Strict,"16.7 miles from Los Angeles, CA","iPod Docking Station,TV,AM/FM Radio","Refrigerator,Microwave,Range (Stove),Kitchen Sink,Slide Out",30.0ft,"Hacienda Heights, CA",BRAND NEW 2018 WINNEBAGO INTENT 30R- NO ...,"$4,299",$149,"$1,038","Year - 2018,Manufacturer - Winnebago,Make - Intent,Model - 30R,Class - Class A Motor Home,Sleeps - 7,Total Number of Beds - 2,Slides - 2,Fresh water tank - 50.0 gal,Length - 30.0 ft,Height - 12.0 ft",7,"Roof Air Conditioning,In Dash Air Conditioning,Hot & Cold Water Supply",Class A Motor Home,2018
"Shower,Bathroom Sink,Toilet",Flexible,"14.0 miles from Los Angeles, CA","TV,DVD Player,AM/FM Radio","Slide Out,Microwave,Range (Stove),Refrigerator,Kitchen Sink",32.0ft,"Sun Valley, CA",1 Day FREE - 2017 Leprechaun,"$4,900",$225,"$1,300","Year - 2017,Manufacturer - Coachmen RV,Make - Leprechaun,Model - 317SA Ford 450,Class - Class C Motor Home,Sleeps - 6,Total Number of Beds - 4,Slides - 2,Fresh water tank - 50.0 gal,Length - 32.0 ft,Height - 10.0 ft",6,"Roof Air Conditioning,In Dash Air Conditioning,Hot & Cold Water Supply",Class C Motor Home,2017
"Shower,Toilet,Bathroom Sink",Flexible,"13.6 miles from Los Angeles, CA","TV,AM/FM Radio,CD Player,DVD Player","Refrigerator,Kitchen Sink,Microwave,Range (Stove),Slide Out",25.0ft,"Pick up in Norwalk or Hesperia ca, CA",2015 forester chevy,"$4,200",$145,$980,"Year - 2015,Manufacturer - Forest River RV,Make - Forester,Model - 2861DS Chevy,Class - Class C Motor Home,Sleeps - 6,Total Number of Beds - 3,Number of Bunk Beds - 3,Slides - 1,Fresh water tank - 50.0 gal,Length - 25.0 ft,Height - 12.0 ft",6,"In Dash Air Conditioning,Roof Air Conditioning,Hot & Cold Water Supply",Class C Motor Home,2015
"Shower,Toilet,Bathroom Sink",Strict,"19.0 miles from San Diego, CA","CD Player,TV,DVD Player,AM/FM Radio","Refrigerator,Microwave,Range (Stove),Kitchen Sink,Slide Out",26.0ft,"Del Mar, CA",LANCE • BUNKS FOR KIDS • SOLAR POWER - D...,,$159,,"Year - 2017,Manufacturer - Lance,Make - Lance Travel Trailers,Model - 2185,Class - Travel Trailer,Sleeps - 7,Total Number of Beds - 5,Number of Bunk Beds - 3,Slides - 1,Fresh water tank - 45.0 gal,Length - 26.0 ft,Height - 12.0 ft",7,"Roof Air Conditioning,Hot & Cold Water Supply",Travel Trailer,2017
"Shower,Toilet,Bathroom Sink",Strict,"6.5 miles from San Diego, CA","TV,AM/FM Radio,iPod Docking Station,DVD Player,CD Player","Refrigerator,Kitchen Sink,Microwave,Range (Stove),Slide Out",26.0ft,"Lemon Grove, CA",2019 Winnebago Outlook,"$5,000",$175,"$1,200","Year - 2019,Manufacturer - Winnebago,Make - Outlook,Model - 25J,Class - Class C Motor Home,Sleeps - 7,Total Number of Beds - 3,Number of Bunk Beds - 1,Slides - 2,Fresh water tank - 37.0 gal,Length - 26.0 ft,Height - 10.0 ft",7,"In Dash Air Conditioning,Roof Air Conditioning,Hot & Cold Water Supply",Class C Motor Home,2019
"Shower,Bathroom Sink,Toilet",Standard,"8.2 miles from San Diego, CA","CD Player,TV,DVD Player,AM/FM Radio","Microwave,Range (Stove),Slide Out,Refrigerator,Kitchen Sink",25.0ft,"Spring Valley, CA",BRAND NEW 2020 Forest River Evo with SOL...,"$3,200",$145,$850,"Year - 2020,Manufacturer - Forest River RV,Make - EVO,Model - T2160,Class - Travel Trailer,Sleeps - 5,Total Number of Beds - 3,Slides - 1,Fresh water tank - 56.0 gal,Length - 25.0 ft,Height - 11.0 ft",5,"Roof Air Conditioning,Hot & Cold Water Supply",Travel Trailer,2020
"Shower,Bathroom Sink,Toilet",Standard,"3.8 miles from San Diego, CA","CD Player,TV,DVD Player,AM/FM Radio,iPod Docking Station","Microwave,Slide Out,Range (Stove),Kitchen Sink,Refrigerator",32.0ft,"San Diego, CA",2017 Thor Chateau 30D Super Clean & Low...,"$3,450",$159,"$1,050","Year - 2017,Manufacturer - Thor Motor Coach,Make - 30D,Model - Chateau,Class - Class C Motor Home,Sleeps - 10,Total Number of Beds - 10,Number of Bunk Beds - 2,Slides - 2,Length - 32.0 ft,Height - 11.0 ft",10,"Roof Air Conditioning,In Dash Air Conditioning,Hot & Cold Water Supply",Class C Motor Home,2017
"Shower,Toilet,Bathroom Sink",Strict,"17.9 miles from San Diego, CA","CD Player,iPod Docking Station,TV,DVD Player,AM/FM Radio","Range (Stove),Refrigerator,Kitchen Sink,Microwave",20.0ft,"San Diego, CA",Rent our awesome ECO trailer with SOLAR!...,,$85,,"Year - 2007,Manufacturer - Dutchmen RV,Make - ECO,Model - 718QB,Class - Travel Trailer,Sleeps - 4,Total Number of Beds - 2,Fresh water tank - 33.0 gal,Length - 20.0 ft,Height - 10.0 ft",4,"Roof Air Conditioning,Hot & Cold Water Supply",Travel Trailer,2007
"Shower,Bathroom Sink,Toilet",Strict,"18.3 miles from San Diego, CA","DVD Player,AM/FM Radio,CD Player,TV,iPod Docking Station","Refrigerator,Kitchen Sink,Microwave,Range (Stove),Slide Out",38.0ft,"Poway, CA",2019 Entegra Emblem 36T Luxury. Triple ...,"$8,970",$299,"$2,093","Year - 2019,Manufacturer - Entegra Coach,Make - Emblem,Model - 36T,Class - Class A Motor Home,Sleeps - 7,Total Number of Beds - 5,Number of Bunk Beds - 3,Slides - 3,Fresh water tank - 60.0 gal,Length - 38.0 ft,Height - 12.0 ft",7,"In Dash Air Conditioning,Roof Air Conditioning,Hot & Cold Water Supply",Class A Motor Home,2019
"Shower,Toilet",Standard,"6.4 miles from San Diego, CA","TV,AM/FM Radio,CD Player","Refrigerator,Kitchen Sink,Microwave,Range (Stove),Slide Out",19.0ft,"San Diego, CA",2014 Livin Lite CampLite CL 16DBS,"$3,188",$125,$788,"Year - 2014,Manufacturer - Livin Lite,Make - CampLite,Model - CL 16DBS,Class - Travel Trailer,Sleeps - 4,Total Number of Beds - 2,Slides - 1,Length - 19.0 ft,Height - 114.0 ft",4,"Roof Air Conditioning,Hot & Cold Water Supply",Travel Trailer,2014
"Shower,Toilet,Bathroom Sink",Strict,"19.0 miles from San Diego, CA","CD Player,TV,DVD Player,AM/FM Radio","Refrigerator,Microwave,Range (Stove),Kitchen Sink,Slide Out",27ft,"Del Mar, CA",FREEDOM ELITE • BEAUTIFUL MID SIZE RV F...,,$279,,"Year - 2017,Manufacturer - Freedom,Make - Elite,Class - Class C Motor Home,Sleeps - 7,Length - 27.0 ft",7,"Roof Air Conditioning,In Dash Air Conditioning,Hot & Cold Water Supply",Class C Motor Home,2017
"Shower,Toilet,Bathroom Sink",Standard,"6.0 miles from San Diego, CA","TV,DVD Player,AM/FM Radio,CD Player","Refrigerator,Kitchen Sink,Microwave,Range (Stove)",23.0ft,"San Diego, CA",2017 Bullet Ultra Lite - Family Camper,"$3,000",$106,$700,"Year - 2017,Manufacturer - Keystone RV,Make - Bullet,Model - 202BHSWE,Class - Travel Trailer,Sleeps - 5,Total Number of Beds - 2,Fresh water tank - 43.0 gal,Length - 23.0 ft,Height - 10.0 ft",5,"Roof Air Conditioning,Hot & Cold Water Supply",Travel Trailer,2017
,Strict,"12.1 miles from San Diego, CA",,,29.0ft,"El Cajon, CA",EL CAJON RV RENTALS- JAYCO 26bh- LUXURY ...,"$2,000",$120,$630,"Year - 2015,Manufacturer - Jayco,Make - Jay Flight,Model - 26BH,Class - Travel Trailer,Sleeps - 8,Length - 29.0 ft,Height - 10.0 ft",8,,Travel Trailer,2015
"Bathroom Sink,Toilet,Shower",Standard,"33.9 miles from San Diego, CA","DVD Player,AM/FM Radio,CD Player,TV","Slide Out,Range (Stove),Microwave,Kitchen Sink,Refrigerator",26.0ft,"Vista, CA",The Willson's Mobile Vacation - 2016 Coa...,"$2,600",$99,$800,"Year - 2016,Manufacturer - Coachmen RV,Make - Freedom Express,Model - 229TBS,Class - Travel Trailer,Sleeps - 6,Total Number of Beds - 4,Slides - 1,Fresh water tank - 50.0 gal,Length - 26.0 ft,Height - 10.0 ft",6,"Hot & Cold Water Supply,Roof Air Conditioning",Travel Trailer,2016
"Shower,Toilet",Standard,"2.4 miles from San Diego, CA","TV,AM/FM Radio,CD Player","Refrigerator,Kitchen Sink,Microwave,Range (Stove),Slide Out",21.0ft,"Coronado, CA",2019 Winnebago Micro Minnie - Bunk House...,"$3,650",$145,$950,"Year - 2019,Manufacturer - Winnebago Industries Towables,Make - Micro Minnie,Model - 2100BH,Class - Travel Trailer,Sleeps - 5,Number of Bunk Beds - 2,Slides - 1,Length - 21.0 ft,Height - 10.0 ft",5,"Roof Air Conditioning,Hot & Cold Water Supply",Travel Trailer,2019
"Shower,Toilet,Bathroom Sink",Standard,"15.4 miles from San Diego, CA","CD Player,TV,DVD Player,AM/FM Radio","Range (Stove),Refrigerator,Kitchen Sink,Microwave,Slide Out",27.0ft,"El Cajon, CA",Winnebago Spirit 26A,,$175,,"Year - 2018,Manufacturer - Winnebago,Make - Spirit,Model - 26A,Class - Class C Motor Home,Sleeps - 6,Number of Bunk Beds - 1,Slides - 3,Fresh water tank - 40.0 gal,Length - 27.0 ft,Height - 11.0 ft",6,"Roof Air Conditioning,In Dash Air Conditioning,Hot & Cold Water Supply",Class C Motor Home,2018
"Shower,Toilet,Bathroom Sink",Standard,"14.2 miles from San Diego, CA","CD Player,TV,DVD Player,AM/FM Radio","Range (Stove),Refrigerator,Kitchen Sink,Microwave,Slide Out",24.0ft,"El Cajon, CA",25ft Prism Elite 24EF,,$215,,"Year - 2018,Manufacturer - Coachmen RV,Make - Prism Elite,Model - 24EF,Class - Class C Motor Home,Sleeps - 5,Total Number of Beds - 3,Number of Bunk Beds - 1,Slides - 1,Fresh water tank - 34.0 gal,Length - 24.0 ft,Height - 11.0 ft",5,"Roof Air Conditioning,In Dash Air Conditioning,Hot & Cold Water Supply",Class C Motor Home,2018
"Toilet,Shower,Bathroom Sink",Standard,"12.8 miles from San Diego, CA","TV,DVD Player,AM/FM Radio,CD Player","Range (Stove),Refrigerator,Kitchen Sink,Microwave,Slide Out",32.0ft,"El Cajon, CA",2016 Minnie Winnie 31K-She's ready to hi...,,$190,,"Year - 2016,Manufacturer - Winnebago,Make - Minnie Winnie,Model - 31K,Class - Class C Motor Home,Sleeps - 7,Total Number of Beds - 4,Slides - 1,Length - 32.0 ft,Height - 11.0 ft",7,"Roof Air Conditioning,In Dash Air Conditioning,Hot & Cold Water Supply",Class C Motor Home,2016
,Strict,"12.1 miles from San Diego, CA",,,15.0ft,"El Cajon, CA",2017 Thor Motor Coach Miramar,"$3,000",$150,$875,"Year - 2017,Manufacturer - ALiner,Make - Classic,Model - Std. Model,Class - Travel Trailer,Sleeps - 3,Length - 15.0 ft,Height - 4.0 ft",3,,Travel Trailer,2017
"Shower,Toilet,Bathroom Sink",Standard,"6.9 miles from San Diego, CA","TV,DVD Player,AM/FM Radio,CD Player,iPod Docking Station","Refrigerator,Kitchen Sink,Microwave,Range (Stove),Slide Out",28.0ft,"San Diego, CA",28’ Kid and Pet Friendly Vacation Destin...,"$2,933",$115,$725,"Year - 2017,Manufacturer - Keystone RV,Make - Springdale,Model - 240BH,Class - Travel Trailer,Sleeps - 8,Total Number of Beds - 2,Slides - 1,Length - 28.0 ft,Height - 11.0 ft",8,"Roof Air Conditioning,Hot & Cold Water Supply",Travel Trailer,2017
"Bathroom Sink,Toilet,Shower",Flexible,"5.5 miles from San Diego, CA","TV,DVD Player,AM/FM Radio,CD Player","Range (Stove),Microwave,Kitchen Sink,Refrigerator,Slide Out",20.0ft,"San Diego, CA",2018 GEO PRO G17RK Perfect for the Famil...,"$2,300",$80,$550,"Year - 2018,Manufacturer - Forest River RV,Make - Rockwood Geo Pro,Model - 17RK,Class - Travel Trailer,Sleeps - 4,Total Number of Beds - 2,Slides - 1,Fresh water tank - 27.0 gal,Length - 20.0 ft,Height - 9.0 ft",4,"Hot & Cold Water Supply,Roof Air Conditioning",Travel Trailer,2018
"Shower,Bathroom Sink,Toilet",Flexible,"6.3 miles from San Diego, CA",TV,"Microwave,Range (Stove),Refrigerator,Kitchen Sink",24.0ft,"Chula Vista, CA","Retro Stylish RV, Wooden Interior, Cozy ...","$2,250",$85,$550,"Year - 2016,Manufacturer - Riverside RV,Make - White Water,Model - 195 Retro,Class - Travel Trailer,Sleeps - 4,Length - 24.0 ft,Height - 9.0 ft",4,"Roof Air Conditioning,Hot & Cold Water Supply",Travel Trailer,2016
"Shower,Bathroom Sink,Toilet",Strict,"4.8 miles from San Diego, CA","CD Player,TV,DVD Player,AM/FM Radio","Microwave,Range (Stove),Refrigerator,Kitchen Sink",23.0ft,"National City, CA","Say Hello to "" LIL DARLING "" 23ft Class ...",,$145,,"Year - 2006,Manufacturer - fourwinds,Make - chevy,Model - 5000 23A,Class - Class C Motor Home,Sleeps - 5,Total Number of Beds - 3,Fresh water tank - 50.0 gal,Length - 23.0 ft,Height - 13.0 ft",5,"Roof Air Conditioning,In Dash Air Conditioning,Hot & Cold Water Supply",Class C Motor Home,2006
"Shower,Toilet,Bathroom Sink",Standard,"18.1 miles from Seattle, WA","CD Player,TV,DVD Player,AM/FM Radio","Refrigerator,Microwave,Range (Stove),Kitchen Sink,Slide Out",34.0ft,"Gig Harbor, WA",Double Slide Bunkhouse Class A Motorhome,"$5,000",$200,"$1,400","Year - 2009,Manufacturer - Damon,Make - Daybreak,Model - 3270,Class - Class A Motor Home,Sleeps - 8,Total Number of Beds - 5,Number of Bunk Beds - 2,Slides - 2,Fresh water tank - 65.0 gal,Length - 34.0 ft,Height - 12.0 ft",8,"Roof Air Conditioning,In Dash Air Conditioning,Hot & Cold Water Supply",Class A Motor Home,2009
"Shower,Toilet,Bathroom Sink",Standard,"14.7 miles from Seattle, WA","CD Player,TV,AM/FM Radio,DVD Player","Range (Stove),Refrigerator,Kitchen Sink,Slide Out,Microwave",27.0ft,"Bremerton, WA",We love traveling in this RV.. and you w...,"$4,800",$200,"$1,300","Year - 2016,Manufacturer - Coachmen RV,Make - Leprechaun,Model - 260DS Ford 450,Class - Class C Motor Home,Sleeps - 7,Total Number of Beds - 2,Slides - 1,Fresh water tank - 40.0 gal,Length - 27.0 ft,Height - 11.0 ft",7,"Roof Air Conditioning,Hot & Cold Water Supply,In Dash Air Conditioning",Class C Motor Home,2016
"Shower,Toilet,Bathroom Sink",Standard,"19.6 miles from Seattle, WA","TV,DVD Player,AM/FM Radio,CD Player","Refrigerator,Kitchen Sink,Microwave,Range (Stove),Slide Out",37.0ft,"Kent, WA",Glamping delight!,"$3,035",$125,"$1,000","Year - 2017,Manufacturer - Keystone RV,Make - Passport,Model - 3350BHWE Grand Touring,Class - Travel Trailer,Sleeps - 9,Total Number of Beds - 3,Number of Bunk Beds - 3,Slides - 2,Fresh water tank - 80.0 gal,Length - 37.0 ft,Height - 10.0 ft",9,"Roof Air Conditioning,Hot & Cold Water Supply",Travel Trailer,2017
"Shower,Toilet,Bathroom Sink",Standard,"15.1 miles from Seattle, WA","CD Player,TV,DVD Player,AM/FM Radio","Range (Stove),Refrigerator,Kitchen Sink,Microwave,Slide Out",30.0ft,"Bremerton, WA",Patty's Kid Approved & Pet Freindy RV Re...,"$6,400",$250,"$1,600","Year - 2019,Manufacturer - Keystone RV,Make - Hideout,Model - 26RLSWE,Class - Travel Trailer,Sleeps - 6,Total Number of Beds - 2,Slides - 1,Fresh water tank - 60.0 gal,Length - 30.0 ft,Height - 11.0 ft",6,"Roof Air Conditioning,Hot & Cold Water Supply",Travel Trailer,2019
"Shower,Bathroom Sink,Toilet",Standard,"8.2 miles from Seattle, WA","CD Player,iPod Docking Station,TV,AM/FM Radio","Microwave,Range (Stove),Slide Out,Refrigerator,Kitchen Sink",24.0ft,"Kirkland, WA",Thor Chateau MERCEDES SPRINTER modern & ...,"$4,500",$220,"$1,500","Year - 2009,Manufacturer - Thor,Make - Chateau,Model - Citation,Class - Class C Motor Home,Sleeps - 5,Total Number of Beds - 3,Number of Bunk Beds - 1,Slides - 1,Fresh water tank - 30.0 gal,Length - 24.0 ft,Height - 10.5 ft",5,"Roof Air Conditioning,In Dash Air Conditioning,Hot & Cold Water Supply",Class C Motor Home,2009
"Shower,Bathroom Sink,Toilet",Standard,"9.9 miles from Seattle, WA","TV,DVD Player,AM/FM Radio","Microwave,Range (Stove),Refrigerator,Kitchen Sink",23.0ft,"Redmond, WA",Adventure is waiting for you in a luxury...,"$6,375",$250,"$1,575","Year - 2016,Manufacturer - Airstream RV,Make - Flying Cloud,Model - 23fb,Class - Travel Trailer,Sleeps - 4,Length - 23.0 ft",4,"Roof Air Conditioning,Hot & Cold Water Supply",Travel Trailer,2016
"Shower,Toilet,Bathroom Sink",Flexible,"6.0 miles from Seattle, WA","TV,DVD Player,AM/FM Radio","Refrigerator,Microwave,Range (Stove),Kitchen Sink,Slide Out",24.0ft,"Seattle, WA",2018 Dynamax Isata-3 24FWM Mercedes - Ev...,,$210,,"Year - 2018,Manufacturer - Dynamax,Make - isata 3,Model - 24FW,Class - Class C Motor Home,Sleeps - 5,Total Number of Beds - 3,Slides - 1,Length - 24.0 ft,Height - 11.0 ft",5,"Roof Air Conditioning,In Dash Air Conditioning,Hot & Cold Water Supply",Class C Motor Home,2018
,Strict,"14.9 miles from Seattle, WA","TV,DVD Player,AM/FM Radio,CD Player","Refrigerator,Microwave,Range (Stove)",24.5ft,"Redmond, WA",2014 Mercedes Benz Sprinter 3500 170 Ext,"$7,999",$299,"$1,999","Year - 2014,Manufacturer - Mercedes Benz,Make - Sprinter 3500,Model - 170 Ext,Class - Class B Camping Van,Sleeps - 8,Length - 24.5 ft",8,"In Dash Air Conditioning,Roof Air Conditioning",Class B Camping Van,2014
"Shower,Toilet,Bathroom Sink",Standard,"11.7 miles from Seattle, WA","TV,DVD Player,AM/FM Radio,CD Player,iPod Docking Station","Range (Stove),Refrigerator,Kitchen Sink,Microwave,Slide Out",32.0ft,"Redmond, WA","The ""Minnie"" w/ slider. Fully loaded!","$6,500",$235,"$1,400","Year - 2016,Manufacturer - Winnebago,Make - Minnie Winnie,Model - 31G,Class - Class C Motor Home,Sleeps - 8,Slides - 1,Length - 32.0 ft,Height - 11.0 ft",8,"Roof Air Conditioning,In Dash Air Conditioning,Hot & Cold Water Supply",Class C Motor Home,2016
,Standard,"10.8 miles from Seattle, WA",TV,,12.0ft,"Renton, WA",2021 Adventure Manufacturing 2020 Jayco,"$3,290",$129,$813,"Year - 2021,Manufacturer - Adventure Manufacturing,Make - 2020,Model - Jayco,Class - Travel Trailer,Sleeps - 1,Length - 12.0 ft",1,,Travel Trailer,2021
,Standard,"10.2 miles from Seattle, WA","TV,DVD Player,AM/FM Radio","Refrigerator,Kitchen Sink,Range (Stove)",13.0ft,"Bellevue, WA",Little Guy-Fun on Wheels,"$2,720",$103,$665,"Year - 2017,Manufacturer - Little Guy Worldwide,Make - TAG,Model - Basic,Class - Travel Trailer,Sleeps - 2,Length - 13.0 ft,Height - 72.0 ft",2,In Dash Air Conditioning,Travel Trailer,2017
"Shower,Toilet,Bathroom Sink",Standard,"10.5 miles from Seattle, WA","TV,DVD Player,AM/FM Radio,CD Player","Refrigerator,Kitchen Sink,Microwave,Range (Stove),Slide Out",36.0ft,"Kirkland, WA",37FT LUXURY RV 2008 Damon Daybreak,"$5,820",$225,"$1,415","Year - 2008,Manufacturer - Damon,Make - Daybreak,Model - 3576,Class - Class A Motor Home,Sleeps - 8,Total Number of Beds - 4,Slides - 2,Length - 36.0 ft",8,"In Dash Air Conditioning,Roof Air Conditioning,Hot & Cold Water Supply",Class A Motor Home,2008
"Shower,Toilet,Bathroom Sink",Standard,"18.3 miles from Seattle, WA","CD Player,iPod Docking Station,TV,DVD Player,AM/FM Radio","Refrigerator,Microwave,Range (Stove),Kitchen Sink",24.0ft,"Auburn, WA",Summer Get-A-Way Ready!,"$3,188",$125,$788,"Year - 2018,Manufacturer - Forest River RV,Make - Salem Cruise Lite,Model - 201BHXL,Class - Travel Trailer,Sleeps - 6,Total Number of Beds - 4,Number of Bunk Beds - 2,Length - 24.0 ft,Height - 10.0 ft",6,"Roof Air Conditioning,Hot & Cold Water Supply",Travel Trailer,2018
"Shower,Toilet,Bathroom Sink",Standard,"12.6 miles from Las Vegas, NV","TV,DVD Player,AM/FM Radio,CD Player","Refrigerator,Kitchen Sink,Microwave,Range (Stove)",27.0ft,"Las Vegas, NV",2017 Forest River RV Shockwave 27RQDX,,$140,$900,"Year - 2017,Manufacturer - Forest River RV,Make - Shockwave,Model - 27RQDX,Class - Toy Hauler,Sleeps - 5,Total Number of Beds - 5,Number of Bunk Beds - 2,Fresh water tank - 150.0 gal,Length - 27.0 ft,Height - 12.0 ft",5,"Roof Air Conditioning,Hot & Cold Water Supply",Toy Hauler,2017
"Shower,Toilet,Bathroom Sink",Standard,"10.1 miles from Las Vegas, NV","AM/FM Radio,DVD Player,TV,CD Player","Slide Out,Refrigerator,Kitchen Sink,Microwave,Range (Stove)",31.0ft,"Las Vegas, NV",FAMILY VACATION RENTAL 2010 Kodiac Dutc...,"$2,160",$90,$550,"Year - 2010,Manufacturer - Dutchmen RV,Make - Kodiak,Model - 28BH-SL,Class - Travel Trailer,Sleeps - 7,Number of Bunk Beds - 1,Slides - 1,Fresh water tank - 46.0 gal,Length - 31.0 ft,Height - 10.0 ft",7,"Roof Air Conditioning,Hot & Cold Water Supply",Travel Trailer,2010
"Shower,Toilet,Bathroom Sink",Strict,"3.2 miles from Las Vegas, NV","AM/FM Radio,CD Player","Refrigerator,Kitchen Sink,Microwave,Range (Stove)",29.0ft,"Las Vegas, NV",2015 Thor Motor Coach Four Winds 28A Bil...,"$4,410",$159,"$1,050","Year - 2015,Manufacturer - Thor Motor Coach,Make - Four Winds,Model - 28A,Class - Class C Motor Home,Sleeps - 8,Length - 29.0 ft,Height - 130.0 ft",8,"In Dash Air Conditioning,Roof Air Conditioning,Hot & Cold Water Supply",Class C Motor Home,2015
"Shower,Toilet,Bathroom Sink",Standard,"4.0 miles from Las Vegas, NV","CD Player,iPod Docking Station,TV,DVD Player,AM/FM Radio","Refrigerator,Microwave,Range (Stove),Kitchen Sink,Slide Out",26.0ft,"Las Vegas, NV",The Great American Getaway!,"$4,700",$179,"$1,200","Year - 2018,Manufacturer - Thor Motor Coach,Make - Vegas,Model - 25.3,Class - Class A Motor Home,Sleeps - 5,Total Number of Beds - 3,Number of Bunk Beds - 1,Slides - 1,Fresh water tank - 40.0 gal,Length - 26.0 ft,Height - 11.0 ft",5,"Roof Air Conditioning,In Dash Air Conditioning,Hot & Cold Water Supply",Class A Motor Home,2018
"Shower,Toilet,Bathroom Sink",Standard,"11.9 miles from Las Vegas, NV","TV,DVD Player,AM/FM Radio,CD Player","Refrigerator,Kitchen Sink,Microwave,Range (Stove),Slide Out",32.0ft,"Las Vegas, NV",Maggie’s Mountain Majesty,"$2,500",$100,$600,"Year - 2016,Manufacturer - Forest River RV,Make - Salem,Model - 27RLSS,Class - Travel Trailer,Sleeps - 6,Total Number of Beds - 3,Slides - 1,Length - 32.0 ft,Height - 11.0 ft",6,"Roof Air Conditioning,Hot & Cold Water Supply",Travel Trailer,2016
"Toilet,Shower,Bathroom Sink",Standard,"8.1 miles from Las Vegas, NV","CD Player,TV,DVD Player,AM/FM Radio","Range (Stove),Refrigerator,Kitchen Sink,Microwave,Slide Out",33.0ft,"Las Vegas, NV",The Ultimate Vacation Travel Trailer W/ ...,,$119,$750,"Year - 2017,Manufacturer - Forest River RV,Make - Wildwood,Model - 30QBSS,Class - Travel Trailer,Sleeps - 9,Total Number of Beds - 4,Number of Bunk Beds - 3,Slides - 1,Fresh water tank - 45.0 gal,Length - 33.0 ft,Height - 11.0 ft",9,"Roof Air Conditioning,Hot & Cold Water Supply,In Dash Air Conditioning",Travel Trailer,2017
"Shower,Toilet,Bathroom Sink",Standard,"8.6 miles from Las Vegas, NV","TV,DVD Player,AM/FM Radio,CD Player","Refrigerator,Kitchen Sink,Microwave,Range (Stove),Slide Out",29.0ft,"Las Vegas, NV",2018 Heritage Glen Forest River Hyper-Ly...,"$2,199",$99,$599,"Year - 2018,Manufacturer - Forest River RV,Make - Heritage Glen Hyper-Lyte,Model - 24RLSHL,Class - Travel Trailer,Sleeps - 6,Slides - 1,Fresh water tank - 54.0 gal,Length - 29.0 ft,Height - 10.7 ft",6,"Roof Air Conditioning,Hot & Cold Water Supply",Travel Trailer,2018
"Shower,Bathroom Sink,Toilet",Standard,"9.1 miles from Las Vegas, NV","CD Player,TV,DVD Player,AM/FM Radio","Microwave,Range (Stove),Slide Out,Refrigerator,Kitchen Sink",24.0ft,"Las Vegas, NV",2020 Forest River Evo 2360,"$1,990",$99,$610,"Year - 2020,Manufacturer - Forest River RV,Make - Stealth EVO,Model - 2360,Class - Travel Trailer,Sleeps - 6,Total Number of Beds - 3,Slides - 1,Fresh water tank - 56.0 gal,Length - 24.0 ft,Height - 10.0 ft",6,"Roof Air Conditioning,Hot & Cold Water Supply",Travel Trailer,2020
"Shower,Toilet,Bathroom Sink",Strict,"4.8 miles from Las Vegas, NV","TV,iPod Docking Station,CD Player,AM/FM Radio,DVD Player","Refrigerator,Kitchen Sink,Microwave,Range (Stove),Slide Out",24.0ft,"Las Vegas, NV",Fuel Efficient Mercedes RV,"$5,840",$229,"$1,443","Year - 2016,Manufacturer - Thor Motor Coach,Make - Mercedes Thor Citation Sprinter 24SR,Model - Sprinter,Class - Class C Motor Home,Sleeps - 5,Total Number of Beds - 3,Slides - 2,Fresh water tank - 40.0 gal,Length - 24.0 ft,Height - 6.0 ft",5,"In Dash Air Conditioning,Roof Air Conditioning,Hot & Cold Water Supply",Class C Motor Home,2016
"Shower,Toilet,Bathroom Sink",Flexible,"6.1 miles from Las Vegas, NV","CD Player,TV,DVD Player,AM/FM Radio","Refrigerator,Microwave,Range (Stove),Kitchen Sink,Slide Out",31ft,"Las Vegas, NV",2017 Like New Minnie Winnie 31K 20% OFF,"$3,500",$199,"$1,099","Year - 2017,Manufacturer - Winnebago,Make - Minnie Winnie,Model - 31K,Class - Class C Motor Home,Sleeps - 7,Total Number of Beds - 4,Number of Bunk Beds - 1,Slides - 1,Fresh water tank - 44.0 gal,Length - 31.0 ft,Height - 11.0 ft",7,"Roof Air Conditioning,In Dash Air Conditioning,Hot & Cold Water Supply",Class C Motor Home,2017
"Shower,Toilet,Bathroom Sink",Standard,"6.3 miles from Las Vegas, NV","TV,AM/FM Radio,CD Player,DVD Player,iPod Docking Station","Range (Stove),Refrigerator,Microwave,Kitchen Sink",23.0ft,"Las Vegas, NV",Beautiful 2018 Minnie Winnie drives like...,"$2,400",$115,"$1,000","Year - 2018,Manufacturer - Winniebago,Make - Winninebago,Model - Minnie Winnie,Class - Class C Motor Home,Sleeps - 5,Length - 23.0 ft",5,"In Dash Air Conditioning,Hot & Cold Water Supply",Class C Motor Home,2018
"Shower,Bathroom Sink,Toilet",Standard,"9.4 miles from Las Vegas, NV","iPod Docking Station,TV,DVD Player,AM/FM Radio","Microwave,Range (Stove),Slide Out,Refrigerator,Kitchen Sink",27.0ft,"Las Vegas, NV",2020 Thor Motor Coach Axis 24 1,"$5,000",$199,"$1,300","Year - 2020,Manufacturer - Thor Motor Coach,Make - Axis,Model - 24 1,Class - Class A Motor Home,Sleeps - 5,Total Number of Beds - 3,Number of Bunk Beds - 1,Slides - 1,Fresh water tank - 40.0 gal,Length - 27.0 ft,Height - 11.0 ft",5,"Roof Air Conditioning,In Dash Air Conditioning,Hot & Cold Water Supply",Class A Motor Home,2020
"Shower,Toilet,Bathroom Sink",Standard,"11.1 miles from Las Vegas, NV","TV,DVD Player,AM/FM Radio,CD Player","Refrigerator,Kitchen Sink,Microwave,Range (Stove),Slide Out",24.0ft,"Las Vegas, NV",2017 Forester 2251SLE,"$4,199",$149,$999,"Year - 2017,Manufacturer - Forest River RV,Make - Forester,Model - 2291S Ford,Class - Class C Motor Home,Sleeps - 5,Total Number of Beds - 3,Slides - 1,Length - 24.0 ft,Height - 11.0 ft",5,"In Dash Air Conditioning,Roof Air Conditioning,Hot & Cold Water Supply",Class C Motor Home,2017
"Shower,Toilet",Standard,"8.6 miles from Las Vegas, NV","DVD Player,AM/FM Radio,CD Player,TV","Refrigerator,Kitchen Sink,Microwave",21.0ft,"Las Vegas, NV",2018 Heartland Mallard M185,"$3,399",$119,$833,"Year - 2018,Manufacturer - Heartland,Make - Mallard,Model - 185,Class - Travel Trailer,Sleeps - 5,Total Number of Beds - 4,Number of Bunk Beds - 2,Length - 21.0 ft,Height - 10.0 ft",5,"Roof Air Conditioning,Hot & Cold Water Supply",Travel Trailer,2018
"Shower,Toilet,Bathroom Sink",Standard,"8.3 miles from Las Vegas, NV","TV,DVD Player,AM/FM Radio,CD Player","Refrigerator,Kitchen Sink,Microwave,Range (Stove),Slide Out",27.0ft,"Las Vegas, NV",2019 Heartland North Trail 24BHS,"$2,400",$99,$600,"Year - 2019,Manufacturer - Heartland,Make - North Trail,Model - 24BHS,Class - Travel Trailer,Sleeps - 8,Total Number of Beds - 4,Number of Bunk Beds - 2,Slides - 1,Fresh water tank - 40.0 gal,Length - 27.0 ft,Height - 136.0 ft",8,"Roof Air Conditioning,Hot & Cold Water Supply",Travel Trailer,2019
"Shower,Toilet,Bathroom Sink",Standard,"6.3 miles from Las Vegas, NV","TV,iPod Docking Station,AM/FM Radio,DVD Player,CD Player","Refrigerator,Kitchen Sink,Microwave,Range (Stove),Slide Out",36.0ft,"Las Vegas, NV",Luxury New 2018 Jayco southwest memory m...,"$5,200",$190,"$1,550","Year - 2018,Manufacturer - Jayco,Make - Jayco,Model - Precept,Class - Class A Motor Home,Sleeps - 10,Total Number of Beds - 6,Number of Bunk Beds - 2,Slides - 4,Fresh water tank - 60.0 gal,Length - 36.0 ft,Height - 13.0 ft",10,"In Dash Air Conditioning,Roof Air Conditioning,Hot & Cold Water Supply",Class A Motor Home,2018
"Shower,Toilet,Bathroom Sink",Standard,"5.8 miles from Las Vegas, NV",AM/FM Radio,"Refrigerator,Kitchen Sink,Microwave,Range (Stove)",24.0ft,"Las Vegas, NV",21' Travel Trailer - Clean & Comfy 2017,"$2,420",$95,$599,"Year - 2017,Manufacturer - Viking,Make - Ultra-Lite,Model - 21FQ,Class - Travel Trailer,Sleeps - 4,Fresh water tank - 40.0 gal,Length - 24.0 ft,Height - 9.0 ft",4,"Hot & Cold Water Supply,Roof Air Conditioning",Travel Trailer,2017
"Shower,Bathroom Sink,Toilet",Standard,"7.4 miles from Las Vegas, NV","CD Player,iPod Docking Station,TV,DVD Player,AM/FM Radio","Microwave,Range (Stove),Refrigerator,Kitchen Sink",19.0ft,"Las Vegas, NV",2017 Pleasure-Way Ascent Std. Model,"$4,500",$200,"$1,200","Year - 2017,Manufacturer - Pleasure-Way,Make - Ascent,Model - Std. Model,Class - Class B Camping Van,Sleeps - 2,Length - 19.0 ft,Height - 115.0 ft",2,"Roof Air Conditioning,In Dash Air Conditioning,Hot & Cold Water Supply",Class B Camping Van,2017
"Shower,Bathroom Sink,Toilet",Standard,"14.0 miles from Las Vegas, NV","CD Player,iPod Docking Station,TV,DVD Player,AM/FM Radio","Microwave,Range (Stove),Refrigerator,Kitchen Sink",23.0ft,"Henderson, NV",Great Memories in my RV!,,$200,$900,"Year - 2016,Manufacturer - Forest River RV,Make - Stealth,Model - WA2313,Class - Toy Hauler,Sleeps - 6,Total Number of Beds - 3,Fresh water tank - 150.0 gal,Length - 23.0 ft,Height - 14.0 ft",6,"Roof Air Conditioning,Hot & Cold Water Supply",Toy Hauler,2016
"Shower,Toilet,Bathroom Sink",Standard,"12.9 miles from Las Vegas, NV","TV,AM/FM Radio,CD Player,DVD Player","Range (Stove),Refrigerator,Kitchen Sink,Microwave,Slide Out",28.0ft,"Las Vegas, NV",The family cruiser,"$1,900",$89,$500,"Year - 2013,Manufacturer - Cruiser,Make - Shadow Cruiser,Model - S-260BHS,Class - Travel Trailer,Sleeps - 10,Total Number of Beds - 5,Number of Bunk Beds - 2,Slides - 1,Length - 28.0 ft,Height - 10.0 ft",10,"Roof Air Conditioning,Hot & Cold Water Supply",Travel Trailer,2013
"Shower,Toilet,Bathroom Sink",Strict,"15.2 miles from Seattle, WA","TV,DVD Player,AM/FM Radio,CD Player","Refrigerator,Kitchen Sink,Microwave,Range (Stove),Slide Out",28.0ft,"Bothell, WA",2019 coachmen freelander,"$6,350",$249,"$1,569","Year - 2019,Manufacturer - Coachmen RV,Make - Freelander,Model - 28BH Ford 450,Class - Class C Motor Home,Sleeps - 10,Total Number of Beds - 5,Slides - 2,Fresh water tank - 43.0 gal,Length - 28.0 ft,Height - 10.0 ft",10,"In Dash Air Conditioning,Roof Air Conditioning,Hot & Cold Water Supply",Class C Motor Home,2019
"Shower,Toilet,Bathroom Sink",Standard,"13.7 miles from Seattle, WA","CD Player,TV,DVD Player,AM/FM Radio","Refrigerator,Microwave,Range (Stove),Kitchen Sink,Slide Out",29.0ft,"Bremerton, WA",2011 Keystone Cougar,"$2,635",$100,$630,"Year - 2011,Manufacturer - Keystone RV,Make - Cougar,Model - 25RLSWE,Class - Travel Trailer,Sleeps - 6,Slides - 1,Length - 29.0 ft,Height - 11.0 ft",6,"Roof Air Conditioning,Hot & Cold Water Supply",Travel Trailer,2011
"Shower,Toilet,Bathroom Sink",Flexible,"14.8 miles from Seattle, WA","TV,DVD Player,AM/FM Radio,CD Player","Refrigerator,Kitchen Sink,Microwave,Range (Stove),Slide Out",19.0ft,"Poulsbo, WA","""Joy"" is Ready for Adventures!","$2,907",$114,$718,"Year - 2018,Manufacturer - Forest river,Make - Rpod 179,Model - 179,Class - Travel Trailer,Sleeps - 3,Total Number of Beds - 2,Slides - 1,Length - 19.0 ft",3,"Roof Air Conditioning,Hot & Cold Water Supply",Travel Trailer,2018
"Shower,Toilet,Bathroom Sink",Standard,"5.0 miles from Seattle, WA","TV,DVD Player,AM/FM Radio,iPod Docking Station,CD Player","Range (Stove),Refrigerator,Kitchen Sink,Microwave",22.0ft,"Seattle, WA",B&R's Little House,"$3,750",$255,"$1,485","Year - 2018,Manufacturer - Winnebago,Make - Paseo,Model - 48P,Class - Class B Camping Van,Sleeps - 2,Total Number of Beds - 1,Length - 22.0 ft,Height - 9.0 ft",2,"Roof Air Conditioning,In Dash Air Conditioning,Hot & Cold Water Supply",Class B Camping Van,2018
"Shower,Toilet,Bathroom Sink",Standard,"12.2 miles from Seattle, WA","TV,iPod Docking Station,CD Player,AM/FM Radio,DVD Player","Refrigerator,Kitchen Sink,Microwave,Range (Stove)",29.0ft,"Bothell, WA",Pacific Coachworks 2019 Toy Hauler,"$3,500",$120,$780,"Year - 2019,Manufacturer - Pacific Coachworks,Make - Powerlite,Model - 26fs,Class - Travel Trailer,Sleeps - 5,Total Number of Beds - 3,Fresh water tank - 120.0 gal,Length - 29.0 ft",5,"In Dash Air Conditioning,Hot & Cold Water Supply,Roof Air Conditioning",Travel Trailer,2019
"Shower,Toilet,Bathroom Sink",Standard,"15.6 miles from Seattle, WA","CD Player,TV,DVD Player,AM/FM Radio","Range (Stove),Refrigerator,Kitchen Sink,Microwave,Slide Out",32.0ft,"Port Orchard, WA","2019 Forest River Rockwood Ultra-Lite, G...","$3,000",$120,$800,"Year - 2019,Manufacturer - Forest River RV,Make - Rockwood Ultra Lite,Model - 2706WS,Class - Travel Trailer,Sleeps - 8,Total Number of Beds - 5,Number of Bunk Beds - 2,Slides - 2,Fresh water tank - 43.0 gal,Length - 32.0 ft,Height - 11.0 ft",8,"Roof Air Conditioning,Hot & Cold Water Supply",Travel Trailer,2019
"Shower,Bathroom Sink,Toilet",Standard,"19.0 miles from Seattle, WA","CD Player,iPod Docking Station,TV,DVD Player,AM/FM Radio","Microwave,Range (Stove),Slide Out,Refrigerator,Kitchen Sink",31.0ft,"Covington, WA",2017 Cruiser Shadow Cruiser S-282BHS,"$2,800",$125,$700,"Year - 2017,Manufacturer - Cruiser,Make - Shadow Cruiser,Model - S-282BHS,Class - Travel Trailer,Sleeps - 9,Total Number of Beds - 3,Number of Bunk Beds - 2,Slides - 2,Fresh water tank - 50.0 gal,Length - 31.0 ft,Height - 130.0 ft",9,"Roof Air Conditioning,Hot & Cold Water Supply",Travel Trailer,2017
